{
  "cache_128": {
    "cache_len": 128,
    "B": 1,
    "H": 32,
    "d": 128,
    "p50_recompute": 3.4136389986088034,
    "p90_recompute": 8.337781000591349,
    "p99_recompute": 9.697884997876827,
    "p50_kvcache": 0.1749949988152366,
    "p90_kvcache": 0.6045580012141727,
    "p99_kvcache": 1.0522649972699583,
    "speedup": 19.507066040287214,
    "pass": true
  },
  "cache_512": {
    "cache_len": 512,
    "B": 1,
    "H": 32,
    "d": 128,
    "p50_recompute": 137.03847700162441,
    "p90_recompute": 165.27093399781734,
    "p99_recompute": 165.44146899832413,
    "p50_kvcache": 0.3694380029628519,
    "p90_kvcache": 1.8662449983821716,
    "p99_kvcache": 2.3248739998962265,
    "speedup": 370.9376834613413,
    "pass": true
  },
  "cache_2048": {
    "cache_len": 2048,
    "B": 1,
    "H": 32,
    "d": 128,
    "p50_recompute": 1945.6764969982032,
    "p90_recompute": 2256.106513999839,
    "p99_recompute": 2256.106513999839,
    "p50_kvcache": 1.3182939983380493,
    "p90_kvcache": 5.050143001426477,
    "p99_kvcache": 5.050143001426477,
    "speedup": 1475.9048432679542,
    "pass": true
  }
}