{
  "seq_2048": {
    "seq_len": 2048,
    "B": 1,
    "H": 8,
    "d": 64,
    "sparsity_pct": 87.59138584136963,
    "p50_dense": 39.539846999105066,
    "p90_dense": 85.01240899931872,
    "p99_dense": 85.01240899931872,
    "p50_sparse": 571.8658730002062,
    "p90_sparse": 666.7856549975113,
    "p99_sparse": 666.7856549975113,
    "speedup": 0.06914181955231102,
    "max_abs_err": 0.8709595799446106,
    "pass": false
  },
  "seq_4096": {
    "seq_len": 4096,
    "B": 1,
    "H": 8,
    "d": 64,
    "sparsity_pct": 93.50424408912659,
    "p50_dense": 156.67851999751292,
    "p90_dense": 245.68667900166474,
    "p99_dense": 179.62031700153602,
    "p50_sparse": 1701.2679620020208,
    "p90_sparse": 2022.8169029978744,
    "p99_sparse": 1927.870752999297,
    "speedup": 0.0920951452075407,
    "max_abs_err": 1.2205554246902466,
    "pass": false
  }
}