{
  "B1": {
    "B": 1,
    "H": 8,
    "S": 512,
    "d": 64,
    "p50_baseline": 7.838592999178218,
    "p90_baseline": 17.19803399828379,
    "p99_baseline": 46.54576699977042,
    "p50_einsum": 10.042616999271559,
    "p90_einsum": 37.761561001389055,
    "p99_einsum": 73.30339300096966,
    "speedup": 0.78053290290238,
    "max_abs_err": 0.0,
    "pass": true
  },
  "B8": {
    "B": 8,
    "H": 8,
    "S": 512,
    "d": 64,
    "p50_baseline": 177.9591749982501,
    "p90_baseline": 253.87298300120165,
    "p99_baseline": 342.4063569982536,
    "p50_einsum": 194.3078219992458,
    "p90_einsum": 268.65896999879624,
    "p99_einsum": 387.6558929987368,
    "speedup": 0.9158621262243413,
    "max_abs_err": 0.0,
    "pass": true
  }
}